# key | en | ru | kk | uk | de | es
language.title|Language|Язык|Тіл|Мова|Sprache|Idioma
language.caption|Make yourself at home|Как тебе удобнее|Өзіңе ыңғайлы|Як тобі зручніше|Wie du dich wohlfühlst|Como te sientas en casa
language.auto|Automatic · location and browser|Автоматически · страна и браузер|Автоматты · ел және браузер|Автоматично · країна й браузер|Automatisch · Standort und Browser|Automático · ubicación y navegador
language.note|Your choice follows your account. It works offline too.|Выбор сохраняется в аккаунте и работает без сети.|Таңдауың аккаунтта сақталады, офлайн да жұмыс істейді.|Вибір зберігається в акаунті й працює без мережі.|Deine Wahl folgt deinem Konto und funktioniert offline.|Tu elección sigue a tu cuenta y funciona sin conexión.
language.guest|Saved in this browser. Sign in to sync across devices.|Сохранено в браузере. Войди, чтобы синхронизировать устройства.|Браузерде сақталады. Құрылғыларды синхрондау үшін кір.|Зберігається в браузері. Увійди для синхронізації пристроїв.|In diesem Browser gespeichert. Melde dich zum Synchronisieren an.|Guardado en este navegador. Inicia sesión para sincronizar.
language.resolved|Currently {language}|Сейчас {language}|Қазір {language}|Зараз {language}|Aktuell {language}|Ahora {language}
language.label|Interface language|Язык интерфейса|Интерфейс тілі|Мова інтерфейсу|Sprache der Oberfläche|Idioma de la interfaz
count.tracks.one|track|трек|трек|трек|Titel|pista
count.tracks.few|tracks|трека|трек|треки|Titel|pistas
count.tracks.many|tracks|треков|трек|треків|Titel|pistas
count.tracks.other|tracks|треков|трек|треків|Titel|pistas
count.files.one|file|файл|файл|файл|Datei|archivo
count.files.few|files|файла|файл|файли|Dateien|archivos
count.files.many|files|файлов|файл|файлів|Dateien|archivos
count.files.other|files|файлов|файл|файлів|Dateien|archivos
count.members.one|member|участник|қатысушы|учасник|Mitglied|miembro
count.members.few|members|участника|қатысушы|учасники|Mitglieder|miembros
count.members.many|members|участников|қатысушы|учасників|Mitglieder|miembros
count.members.other|members|участников|қатысушы|учасників|Mitglieder|miembros
count.playlists.one|playlist|плейлист|плейлист|плейлист|Playlist|lista
count.playlists.few|playlists|плейлиста|плейлист|плейлисти|Playlists|listas
count.playlists.many|playlists|плейлистов|плейлист|плейлистів|Playlists|listas
count.playlists.other|playlists|плейлистов|плейлист|плейлистів|Playlists|listas
mail.verify|Verify {email} to use your account.|Подтверди почту {email}, чтобы пользоваться аккаунтом.|Аккаунтты пайдалану үшін {email} поштасын раста.|Підтверди пошту {email}, щоб користуватися акаунтом.|Bestätige {email}, um dein Konto zu nutzen.|Verifica {email} para usar tu cuenta.
files.selected|{count} selected|Выбрано: {count}|Таңдалды: {count}|Обрано: {count}|{count} ausgewählt|{count} seleccionados
landing.open|Open web app|Открыть приложение|Қолданбаны ашу|Відкрити застосунок|Web-App öffnen|Abrir aplicación
landing.downloads|Get GlukWave|Скачать GlukWave|GlukWave жүктеу|Завантажити GlukWave|GlukWave herunterladen|Descargar GlukWave
landing.eyebrow|A little space for your whole musical world|Маленькое пространство для всей твоей музыки|Барлық музыкаңа шағын кеңістік|Маленький простір для всієї твоєї музики|Ein kleiner Raum für deine ganze Musikwelt|Un pequeño espacio para todo tu mundo musical
landing.title1|Your music.|Твоя музыка.|Сенің музыкаң.|Твоя музика.|Deine Musik.|Tu música.
landing.title2|Your own wavelength.|На твоей частоте.|Өз жиілігіңде.|На твоїй частоті.|Deine Frequenz.|Tu propia frecuencia.
landing.intro|Bring your files, favourite links and favourite people together. Leave a little room to breathe.|Собери свои файлы, любимые ссылки и любимых людей. Оставь немного места для выдоха.|Файлдарыңды, сүйікті сілтемелер мен достарыңды жина. Демалуға аздап орын қалдыр.|Збери свої файли, улюблені посилання й людей. Залиш трохи місця для видиху.|Bring Dateien, Lieblingslinks und Lieblingsmenschen zusammen. Lass etwas Raum zum Durchatmen.|Reúne tus archivos, enlaces favoritos y personas favoritas. Deja espacio para respirar.
landing.browserNote|Start in your browser. Make the space your own.|Начни в браузере. Настрой пространство под себя.|Браузерден баста. Кеңістікті өзіңше бапта.|Почни в браузері. Налаштуй простір під себе.|Starte im Browser. Gestalte deinen eigenen Raum.|Empieza en tu navegador. Haz tuyo el espacio.
landing.waveCaption|ONE WAVE. MANY WORLDS.|ОДНА ВОЛНА. МНОГО МИРОВ.|БІР ТОЛҚЫН. КӨП ӘЛЕМ.|ОДНА ХВИЛЯ. БАГАТО СВІТІВ.|EINE WELLE. VIELE WELTEN.|UNA ONDA. MUCHOS MUNDOS.
landing.preview|A look inside GlukWave|Внутри GlukWave|GlukWave ішінде|Усередині GlukWave|Ein Blick in GlukWave|Dentro de GlukWave
landing.previewNote|The real web app, ready for your music.|Настоящее приложение, готовое к твоей музыке.|Музыкаңа дайын нақты қолданба.|Справжній застосунок, готовий до твоєї музики.|Die echte Web-App, bereit für deine Musik.|La aplicación real, lista para tu música.
landing.previewAlt|GlukWave player with Forss in the Paper theme|Плеер GlukWave с Forss в теме Paper|Paper тақырыбындағы Forss ойнатқышы|Плеєр GlukWave із Forss у темі Paper|GlukWave-Player mit Forss im Paper-Design|Reproductor de GlukWave con Forss y el tema Paper
landing.benefitTitle|Keep what moves you.|Сохрани то, что тронуло.|Жүрегіңе жеткенін сақта.|Збережи те, що торкнуло.|Behalte, was dich bewegt.|Guarda lo que te emociona.
landing.benefitIntro|A listening space built around you, from the first file to the last late-night track.|Место для музыки вокруг тебя: от первого файла до последнего ночного трека.|Алғашқы файлдан түнгі соңғы трекке дейін өзіңе арналған орын.|Місце для музики навколо тебе: від першого файлу до останнього нічного треку.|Ein Hörraum für dich, von der ersten Datei bis zum letzten Titel der Nacht.|Un espacio para escuchar a tu manera, del primer archivo a la última pista nocturna.
landing.libraryTitle|Bring your collection|Собери свою коллекцию|Жинағыңды жина|Збери свою колекцію|Deine Sammlung zusammenbringen|Reúne tu colección
landing.libraryText|Upload your own audio, keep favourites and organise playlists. Compatible source links play through official players.|Загружай свои аудиофайлы, сохраняй любимое и собирай плейлисты. Ссылки источников открывают официальные плееры.|Аудиофайлдарыңды жүкте, ұнағанды сақтап, плейлист жаса. Қолдау бар сілтемелер ресми плеерде ойналады.|Додавай аудіофайли, зберігай улюблене й збирай плейлисти. Посилання джерел відкривають офіційні плеєри.|Lade eigene Audiodateien hoch, speichere Favoriten und Playlists. Unterstützte Links nutzen offizielle Player.|Sube tu audio, guarda favoritas y organiza listas. Los enlaces compatibles usan reproductores oficiales.
landing.togetherTitle|Share the moment|Раздели этот момент|Сәтті бөліс|Поділися моментом|Den Moment teilen|Comparte el momento
landing.togetherText|Open a listening room, invite your people and choose what comes next together.|Открой комнату, позови своих и вместе выбирайте следующую музыку.|Бөлме ашып, достарыңды шақыр, келесі музыканы бірге таңда.|Відкрий кімнату, поклич своїх і обирайте наступну музику разом.|Öffne einen Hörraum, lade Freunde ein und wählt gemeinsam die nächste Musik.|Abre una sala, invita a los tuyos y elegid juntos la siguiente música.
landing.spaceTitle|Settle into your space|Устройся в своём пространстве|Өз кеңістігіңе жайғас|Влаштуйся у своєму просторі|In deinem Raum ankommen|Acomódate en tu espacio
landing.spaceText|Light or dark, your own colours, living waves and quiet Lo-Fi landscapes. Your settings follow your account.|Светлая или тёмная тема, свои цвета, живые волны и тихие Lo-Fi пейзажи. Настройки сохраняются в аккаунте.|Ашық не қараңғы, өз түстерің, жанды толқындар мен тыныш Lo-Fi көріністері. Баптаулар аккаунтта.|Світла або темна тема, власні кольори, живі хвилі й тихі Lo-Fi пейзажі. Налаштування в акаунті.|Hell oder dunkel, eigene Farben, lebendige Wellen und ruhige Lo-Fi-Landschaften. Einstellungen folgen deinem Konto.|Tema claro u oscuro, tus colores, ondas vivas y paisajes Lo-Fi tranquilos. Los ajustes siguen a tu cuenta.
landing.platformTitle|Wherever you listen.|Там, где ты слушаешь.|Қайда тыңдасаң да.|Там, де ти слухаєш.|Wo du auch hörst.|Donde escuches.
landing.platformIntro|The browser is ready now. Available app builds appear here as they are released.|В браузере можно начать сейчас. Доступные сборки приложения появляются здесь после выпуска.|Браузерде қазір бастай аласың. Қолданба нұсқалары шыққанда осында пайда болады.|У браузері можна почати зараз. Доступні збірки з'являються тут після випуску.|Im Browser kannst du sofort starten. Verfügbare App-Versionen erscheinen hier nach der Veröffentlichung.|Puedes empezar ahora en el navegador. Las versiones de la aplicación aparecerán aquí al publicarse.
landing.available|Ready in your browser|Доступно в браузере|Браузерде дайын|Доступно в браузері|Im Browser bereit|Lista en tu navegador
landing.unavailable|Not available yet|Пока недоступно|Әзірге қолжетімсіз|Поки недоступно|Noch nicht verfügbar|Aún no disponible
landing.loading|Checking available downloads…|Проверяем доступные загрузки…|Жүктемелер тексерілуде…|Перевіряємо доступні завантаження…|Downloads werden geprüft…|Comprobando descargas…
landing.releaseError|Couldn't check downloads. Please try again.|Не удалось проверить загрузки. Попробуй ещё раз.|Жүктемелерді тексеру мүмкін болмады. Қайтала.|Не вдалося перевірити завантаження. Спробуй знову.|Downloads konnten nicht geprüft werden. Versuche es erneut.|No se pudieron comprobar las descargas. Inténtalo de nuevo.
landing.beta|Beta build|Бета сборка|Бета нұсқа|Бета-збірка|Beta-Version|Versión beta
landing.downloadPlatform|Download for {platform}|Скачать для {platform}|{platform} үшін жүктеу|Завантажити для {platform}|Für {platform} herunterladen|Descargar para {platform}
landing.faqTitle|A few things to know.|Немного о главном.|Маңыздысы туралы.|Трохи про головне.|Gut zu wissen.|Algunas cosas que saber.
landing.faqOfflineQ|Can I listen offline?|Можно слушать без сети?|Офлайн тыңдай аламын ба?|Можна слухати без мережі?|Kann ich offline hören?|¿Puedo escuchar sin conexión?
landing.faqOfflineA|Your own audio files can be saved on your device. Official players from external services need a connection and follow that service's rules.|Свои аудиофайлы можно сохранять на устройстве. Плеерам внешних сервисов нужна сеть; условия определяет сервис.|Өз аудиофайлдарыңды құрылғыда сақтай аласың. Сыртқы плеерлерге желі керек, шарттарын сервис белгілейді.|Власні аудіофайли можна зберегти на пристрої. Зовнішнім плеєрам потрібна мережа; умови визначає сервіс.|Eigene Audiodateien kannst du lokal speichern. Externe Player brauchen eine Verbindung und folgen den Regeln des Dienstes.|Puedes guardar tu audio en el dispositivo. Los reproductores externos necesitan conexión y siguen las normas de cada servicio.
landing.faqAccountQ|Do I need an account?|Нужен аккаунт?|Аккаунт қажет пе?|Потрібен акаунт?|Brauche ich ein Konto?|¿Necesito una cuenta?
landing.faqAccountA|Explore first. Sign in to keep your library, playlists, settings and listening rooms together across devices.|Сначала осмотрись. Войди, чтобы сохранять медиатеку, плейлисты, настройки и комнаты на своих устройствах.|Алдымен зертте. Медиатека, плейлист, баптау мен бөлмелерді құрылғыларда сақтау үшін кір.|Спершу досліди. Увійди для медіатеки, плейлистів, налаштувань і кімнат на своїх пристроях.|Schau dich zuerst um. Melde dich an, um Mediathek, Playlists, Einstellungen und Räume auf deinen Geräten zu behalten.|Explora primero. Inicia sesión para guardar biblioteca, listas, ajustes y salas en tus dispositivos.
landing.faqSourcesQ|How do music sources work?|Как работают источники?|Дереккөздер қалай жұмыс істейді?|Як працюють джерела?|Wie funktionieren Musikquellen?|¿Cómo funcionan las fuentes?
landing.faqSourcesA|GlukWave keeps links to external tracks and opens their official players. Availability, full-track access and account restrictions come from each source.|GlukWave сохраняет ссылки на внешние треки и открывает официальные плееры. Доступность, полный трек и ограничения аккаунта определяет источник.|GlukWave сыртқы трек сілтемелерін сақтап, ресми плеерді ашады. Қолжетімділік пен аккаунт шектеулерін дереккөз анықтайды.|GlukWave зберігає зовнішні посилання й відкриває офіційні плеєри. Доступність і обмеження визначає джерело.|GlukWave speichert Links und öffnet offizielle Player. Verfügbarkeit, vollständige Titel und Kontobeschränkungen bestimmt die Quelle.|GlukWave guarda enlaces y abre reproductores oficiales. Cada fuente decide disponibilidad, acceso completo y restricciones.
landing.footer|Your frequency. No hurry.|На своей частоте. Никакой спешки.|Өз жиілігіңде. Асығусыз.|На своїй частоті. Без поспіху.|Deine Frequenz. Keine Eile.|Tu frecuencia. Sin prisas.
landing.metaTitle|GlukWave — your music, your wavelength|GlukWave — твоя музыка, твоя частота|GlukWave — сенің музыкаң, өз жиілігің|GlukWave — твоя музика, твоя частота|GlukWave — deine Musik, deine Frequenz|GlukWave — tu música, tu frecuencia
landing.metaDescription|A personal listening space for your audio files, playlists and people. Open GlukWave in your browser or get an available app build.|Личное пространство для аудиофайлов, плейлистов и близких. Открой GlukWave в браузере или скачай доступную сборку.|Аудиофайлдарың, плейлистер мен достарың үшін жеке кеңістік. GlukWave браузерінде аш не қолжетімді нұсқасын жүкте.|Особистий простір для аудіофайлів, плейлистів і близьких. Відкрий GlukWave у браузері або завантаж доступну збірку.|Ein persönlicher Hörraum für Audio, Playlists und Freunde. Öffne GlukWave im Browser oder lade eine verfügbare App herunter.|Un espacio personal para audio, listas y personas. Abre GlukWave en el navegador o descarga una versión disponible.
mini.empty|Open music in the main window|Открой музыку в основном окне|Негізгі терезеде музыканы аш|Відкрий музику в головному вікні|Musik im Hauptfenster öffnen|Abre música en la ventana principal
landing.signature1|on your|на твоей|өз|на твоїй|auf deiner|en tu
landing.signature2|wavelength.|волне.|толқыныңда.|хвилі.|Wellenlänge.|frecuencia.

