001|{v0} GB|{v0} ГБ|{v0} ГБ|{v0} GB|{v0} GB
002|{v0} MB|{v0} МБ|{v0} МБ|{v0} MB|{v0} MB
003|Plan for {v0}|{v0} тарифі|Тариф {v0}|Tarif für {v0}|Plan de {v0}
004|Role for {v0}|{v0} рөлі|Роль {v0}|Rolle für {v0}|Rol de {v0}
005|Choose colour: {v0}|Түс таңдау: {v0}|Обрати колір: {v0}|Farbe wählen: {v0}|Elegir color: {v0}
006|Theme {v0}|Тақырып {v0}|Тема {v0}|Design {v0}|Tema {v0}
007|Accent {v0}|Акцент {v0}|Акцент {v0}|Akzent {v0}|Acento {v0}
008|On your wave, {v0}.|Өз толқыныңда, {v0}.|На твоїй хвилі, {v0}.|Auf deiner Welle, {v0}.|En tu onda, {v0}.
009|Volume on {v0}|{v0} дыбысы|Гучність {v0}|Lautstärke auf {v0}|Volumen en {v0}
010|Track position on {v0}|{v0} трек орны|Позиція треку {v0}|Titelposition auf {v0}|Posición de pista en {v0}
011|{v0} worth coming back to|Қайта тыңдайтын {v0}|{v0}, до яких хочеться повернутися|{v0}, zu denen du zurückkehren willst|{v0} a las que volver
012|{v0} in your library|Медиатекада {v0}|{v0} у медіатеці|{v0} in deiner Mediathek|{v0} en tu biblioteca
013|Edit {v0}|{v0} өңдеу|Редагувати {v0}|{v0} bearbeiten|Editar {v0}
014|Adding {v0}%|Қосылуда {v0}%|Додаємо {v0}%|Hinzufügen: {v0} %|Añadiendo {v0}%
015|Imported {v0} tracks into “{v1}”|«{v1}» ішіне {v0} трек тасымалданды|Перенесено {v0} треків у «{v1}»|{v0} Titel in „{v1}“ importiert|{v0} pistas importadas a «{v1}»
016|Import from {v0}|{v0} ішінен тасымалдау|Перенести з {v0}|Aus {v0} importieren|Importar de {v0}
017|Imported {v0} tracks|{v0} трек тасымалданды|Перенесено {v0} треків|{v0} Titel importiert|{v0} pistas importadas
018|{v0} KB|{v0} КБ|{v0} КБ|{v0} KB|{v0} KB
019|{v0} · only your music|{v0} · тек өз музыкаң|{v0} · лише твоя музика|{v0} · nur deine Musik|{v0} · solo tu música
020|Official {v0} player|Ресми {v0} плеері|Офіційний плеєр {v0}|Offizieller {v0}-Player|Reproductor oficial de {v0}
021|Yandex Music: {v0}|Яндекс Музыка: {v0}|Яндекс Музика: {v0}|Yandex Music: {v0}|Yandex Music: {v0}
022|Living pixel landscape: {v0}|Жанды пиксель көрінісі: {v0}|Живий піксельний пейзаж: {v0}|Lebendige Pixellandschaft: {v0}|Paisaje vivo de píxeles: {v0}
023|Open {v0}|{v0} ашу|Відкрити {v0}|{v0} öffnen|Abrir {v0}
